LocationID,Zone,Borough,in_crz,lon,lat,trips_per_day_pre,trips_per_day_post,pct_change
1,Newark Airport,EWR,False,-74.17400156582248,40.69183016020959,15.010840108401084,15.403326403326403,2.614685734382438
2,Jamaica Bay,Queens,False,-73.83129979354713,40.61674619937379,1.0943396226415094,1.1428571428571428,4.4334975369458185
3,Allerton/Pelham Gardens,Bronx,False,-73.8474217852696,40.86447372906584,4.889807162534435,13.679166666666667,179.74859154929578
4,Alphabet City,Manhattan,True,-73.97696827424141,40.72375208451233,192.1891891891892,451.57172557172555,134.96208474411256
5,Arden Heights,Staten Island,False,-74.18848459794721,40.55265878064343,1.0,1.0344827586206897,3.4482758620689724
6,Arrochar/Fort Wadsworth,Staten Island,False,-74.07177024696533,40.600324409468406,1.8253968253968254,3.144396551724138,72.25824587706147
7,Astoria,Queens,False,-73.91969433569462,40.761492617043125,111.01891891891891,285.8960498960499,157.52011700352622
8,Astoria Park,Queens,False,-73.92308626324494,40.77855862576789,1.4545454545454546,2.1714285714285713,49.28571428571426
9,Auburndale,Queens,False,-73.78794875477833,40.75103435668664,2.794392523364486,5.886315789473684,110.64742122865692
10,Baisley Park,Queens,False,-73.79098676199028,40.67895308442328,40.445945945945944,63.41580041580042,56.79148783057906
11,Bath Beach,Brooklyn,False,-74.00748784386448,40.60427268170344,3.800578034682081,10.033333333333333,163.99493029150824
12,Battery Park,Manhattan,True,-74.01556349991374,40.70294582144012,45.99189189189189,41.33541666666667,-10.124556815733277
13,Battery Park City,Manhattan,True,-74.01607927269924,40.712037924667264,685.1648648648649,812.2661122661123,18.55046192806684
14,Bay Ridge,Brooklyn,False,-74.0298925099,40.624833672298685,18.786486486486485,59.38669438669439,216.11389617431917
15,Bay Terrace/Fort Totten,Queens,False,-73.78597285841018,40.7833330046879,2.5451612903225804,5.439330543933054,113.7126069225915
16,Bayside,Queens,False,-73.77342112932584,40.762737532164934,3.652173913043478,10.663179916317992,191.96802151823076
17,Bedford,Brooklyn,False,-73.94990480444068,40.69150702161197,38.964864864864865,134.83783783783784,246.04980231670942
18,Bedford Park,Bronx,False,-73.89018381164814,40.86768222238494,8.048780487804878,30.072765072765073,273.6313236313236
19,Bellerose,Queens,False,-73.72665540152784,40.73548651046706,4.922865013774104,13.55093555093555,175.26522691603833
20,Belmont,Bronx,False,-73.88586744911127,40.85777944056285,5.493150684931507,16.367983367983367,197.97076954184183
21,Bensonhurst East,Brooklyn,False,-73.98353783537917,40.60142907301775,6.673972602739726,18.781704781704782,181.41716934820386
22,Bensonhurst West,Brooklyn,False,-73.99525864587314,40.61221766982795,9.094850948509485,25.9002079002079,184.77880557737527
23,Bloomfield/Emerson Hill,Staten Island,False,-74.17088508711593,40.60644824321443,1.3643410852713178,1.7687074829931972,29.638218923933213
24,Bloomingdale,Manhattan,False,-73.96547935663406,40.80197051563419,297.03513513513514,378.58004158004155,27.452949768992085
25,Boerum Hill,Brooklyn,False,-73.98611374739605,40.685633701390586,72.34594594594594,161.85654885654887,123.72580348521774
26,Borough Park,Brooklyn,False,-73.98866057160336,40.630949253264255,12.550408719346049,36.773388773388774,193.00550759517327
27,Breezy Point/Fort Tilden/Riis Beach,Queens,False,-73.90691199328067,40.559134755628214,1.5583333333333333,2.032258064516129,30.41228221493877
28,Briarwood/Jamaica Hills,Queens,False,-73.80872922918115,40.71159648931973,16.2027027027027,39.54885654885655,144.08802206967346
29,Brighton Beach,Brooklyn,False,-73.96121662082737,40.580921751571346,8.929347826086957,19.79209979209979,121.65224356338169
30,Broad Channel,Queens,False,-73.82192752206782,40.60368693988757,1.180722891566265,1.4044444444444444,18.94784580498865
31,Bronx Park,Bronx,False,-73.87547602176667,40.85774566451417,2.0357142857142856,3.9977272727272726,96.37958532695374
32,Bronxdale,Bronx,False,-73.86490091353166,40.86400203645644,5.553424657534246,18.5010395010395,233.14649323529443
33,Brooklyn Heights,Brooklyn,False,-73.99525009947318,40.6957980847225,97.41621621621621,185.75883575883577,90.685743066167
34,Brooklyn Navy Yard,Brooklyn,False,-73.97118860464191,40.70085574405344,8.576704545454545,25.38125,195.93242795627694
35,Brownsville,Brooklyn,False,-73.91025776959916,40.664002936640344,32.543243243243246,92.51559251559252,184.2851028217692
36,Bushwick North,Brooklyn,False,-73.91770956300488,40.70052207677384,25.924324324324324,122.6881496881497,373.25495605312125
37,Bushwick South,Brooklyn,False,-73.92223688327465,40.69499398960586,39.2,196.8981288981289,402.291145148288
38,Cambria Heights,Queens,False,-73.73555411751046,40.69434123971375,6.024725274725275,13.237006237006238,119.71136663339128
39,Canarsie,Brooklyn,False,-73.8997346848635,40.63803689672939,42.18648648648649,109.63617463617463,159.8845833518138
40,Carroll Gardens,Brooklyn,False,-73.99595622535054,40.67919897887253,21.997297297297298,50.983367983367984,131.77105484514254
41,Central Harlem,Manhattan,False,-73.95129204385638,40.804333857858566,398.4891891891892,647.4511434511435,62.47646385803345
42,Central Harlem North,Manhattan,False,-73.94077208625764,40.8182572500734,196.44324324324324,438.1975051975052,123.06570486362465
43,Central Park,Manhattan,False,-73.96555540550199,40.78247701262984,1831.418918918919,1723.114345114345,-5.913697444411337
44,Charleston/Tottenville,Staten Island,False,-74.23353546082052,40.52549110546785,1.05,1.135135135135135,8.108108108108091
45,Chinatown,Manhattan,True,-73.99815145865519,40.712459285136994,174.37567567567567,285.2931392931393,63.60833481371617
46,City Island,Bronx,False,-73.78198762631824,40.84908569070797,1.7619047619047619,2.825436408977556,60.36260699602345
47,Claremont/Bathgate,Bronx,False,-73.90031694602852,40.84274838600792,8.475675675675676,25.823284823284823,204.67523547880688
48,Clinton East,Manhattan,True,-73.98984489812494,40.76225259858687,2771.327027027027,2989.4282744282746,7.869920989989354
49,Clinton Hill,Brooklyn,False,-73.96236337094902,40.68796720602698,39.01891891891892,121.23700623700624,210.7133913395602
50,Clinton West,Manhattan,True,-73.99513534858681,40.76623762332451,676.6081081081081,875.7671517671517,29.434918274319898
51,Co-Op City,Bronx,False,-73.82826339600581,40.87397243195906,16.232432432432432,42.61330561330561,162.51953175030098
52,Cobble Hill,Brooklyn,False,-73.99672407074303,40.6866511779156,28.43243243243243,50.59251559251559,77.93945598128107
53,College Point,Queens,False,-73.84281297899702,40.780911658515755,4.458923512747876,12.108108108108109,171.54778666849825
54,Columbia Street,Brooklyn,False,-74.00291135102258,40.68720061705317,5.254189944134078,14.274428274428274,171.67705062441905
55,Coney Island,Brooklyn,False,-73.98794360684474,40.576961310705336,21.705405405405404,48.11642411642411,121.67945365554628
56,Corona,Queens,False,-73.85884527575628,40.741406719488175,13.95945945945946,37.78794178794179,170.6977436890312
57,Corona,Queens,False,-73.8535815482027,40.751819339588245,1.8944723618090453,3.470731707317073,83.2030795109012
58,Country Club,Bronx,False,-73.8203932847595,40.84145193921358,1.4054054054054055,2.4099216710182767,71.4751958224543
59,Crotona Park,Bronx,False,-73.89498592772226,40.83855027505839,1.1758241758241759,1.6015037593984962,36.20265617314313
60,Crotona Park East,Bronx,False,-73.88590027069773,40.83399041103506,6.21978021978022,20.6008316008316,231.2147836882819
61,Crown Heights North,Brooklyn,False,-73.93928693565553,40.674469714192334,75.47297297297297,236.16839916839916,212.91784312375182
62,Crown Heights South,Brooklyn,False,-73.94878830363868,40.666540670529315,24.501355013550135,68.1912681912682,178.31631415305787
63,Cypress Hills,Brooklyn,False,-73.87817285854474,40.68383988904548,11.271739130434783,45.0997920997921,300.11387398079773
64,Douglaston,Queens,False,-73.73933650195845,40.760614500455986,2.403125,5.197033898305085,116.26148861607635
65,Downtown Brooklyn/MetroTech,Brooklyn,False,-73.98608592282788,40.69533747220738,138.70810810810812,212.989604989605,53.55238269388145
66,DUMBO/Vinegar Hill,Brooklyn,False,-73.98570157061832,40.70225894512564,86.98378378378378,188.86278586278587,117.1241323925888
67,Dyker Heights,Brooklyn,False,-74.01380228070624,40.6196189778478,5.142045454545454,15.29375,197.42541436464086
68,East Chelsea,Manhattan,True,-73.99991779023728,40.7484273300986,2978.754054054054,3281.5384615384614,10.164800516924878
69,East Concourse/Concourse Village,Bronx,False,-73.91503006977001,40.83141625187568,19.58108108108108,54.022869022869024,175.8931889366672
70,East Elmhurst,Queens,False,-73.86839538867875,40.76335208099607,420.22972972972974,325.94178794178794,-22.437237329349113
71,East Flatbush/Farragut,Brooklyn,False,-73.93796619973367,40.6442876673477,25.87837837837838,75.98128898128898,193.60915846555537
72,East Flatbush/Remsen Village,Brooklyn,False,-73.92225101477305,40.652364445415,30.57837837837838,85.86902286902287,180.816143375804
73,East Flushing,Queens,False,-73.80729410936029,40.75410890581649,2.1993569131832795,5.420168067226891,146.4433141677724
74,East Harlem North,Manhattan,False,-73.9373456595586,40.80116912880846,692.2702702702703,898.941787941788,29.854166291271
75,East Harlem South,Manhattan,False,-73.94575022751276,40.79001067629398,952.4702702702702,1194.8316008316008,25.44555332866807
76,East New York,Brooklyn,False,-73.87682021500527,40.66093415791352,54.66486486486487,166.57380457380458,204.71822254676007
77,East New York/Pennsylvania Avenue,Brooklyn,False,-73.89536390861545,40.66655871582285,12.94308943089431,43.49480249480249,236.04652681285842
78,East Tremont,Bronx,False,-73.88552154399945,40.84496040702046,10.018970189701896,33.316008316008315,232.52926882897128
79,East Village,Manhattan,True,-73.98593745737395,40.727620122038296,2547.0243243243244,3291.4968814968815,29.22911061597542
80,East Williamsburg,Brooklyn,False,-73.9367935879161,40.71536964922733,63.63513513513514,178.014553014553,179.74255517258274
81,Eastchester,Bronx,False,-73.83664438963196,40.880935114970065,6.143631436314363,22.22037422037422,261.6814330532901
82,Elmhurst,Queens,False,-73.8771183310234,40.73949534354323,109.3945945945946,147.52390852390852,34.85484275582111
83,Elmhurst/Maspeth,Queens,False,-73.89217342295797,40.73832393052052,25.65945945945946,48.15592515592515,87.67318630390044
84,Eltingville/Annadale/Prince's Bay,Staten Island,False,-74.18767927741463,40.528685582160755,1.0555555555555556,1.1282051282051282,6.882591093117396
85,Erasmus,Brooklyn,False,-73.95162326816249,40.64611615465671,16.203252032520325,54.355509355509355,235.46049426631464
86,Far Rockaway,Queens,False,-73.75524330826842,40.60243266654382,10.631436314363144,28.964656964656964,172.44349783223095
87,Financial District North,Manhattan,True,-74.00749595416085,40.706808425516016,630.5297297297298,897.7318087318088,42.37739576793827
88,Financial District South,Manhattan,True,-74.0115150281245,40.703357880548445,338.86486486486484,455.93970893970896,34.549124507650596
89,Flatbush/Ditmas Park,Brooklyn,False,-73.96096805763649,40.63789963509721,40.567567567567565,134.26403326403326,230.96397273612465
90,Flatiron,Manhattan,True,-73.99697147759031,40.742278583312206,1747.4756756756756,1950.3638253638253,11.610356156156598
91,Flatlands,Brooklyn,False,-73.93009718315575,40.62627246088452,27.92972972972973,77.06444906444906,175.9226451891441
92,Flushing,Queens,False,-73.82885854846761,40.7611014398131,27.994594594594595,54.19334719334719,93.58504017704637
93,Flushing Meadows-Corona Park,Queens,False,-73.84086521275654,40.74067383007372,65.72432432432433,68.96465696465697,4.930187831742239
94,Fordham South,Bronx,False,-73.89953594476775,40.858155189262895,4.365384615384615,14.692307692307692,236.56387665198238
95,Forest Hills,Queens,False,-73.84766908657137,40.72143156737173,116.21891891891892,155.07900207900207,33.43696837103967
96,Forest Park/Highland Park,Queens,False,-73.8715612898338,40.697001507866105,1.592039800995025,3.0978520286396183,94.583830548926
97,Fort Greene,Brooklyn,False,-73.9748820144768,40.690786583767746,127.06216216216217,228.03742203742203,79.46918119210889
98,Fresh Meadows,Queens,False,-73.77725343413134,40.73446263709748,3.477272727272727,8.401247401247401,141.60450042802984
99,Freshkills Park,Staten Island,False,-74.18642081572338,40.57677255023222,1.0,1.1111111111111112,11.111111111111116
100,Garment District,Manhattan,True,-73.98878660966813,40.75351274051303,1670.327027027027,1735.7380457380457,3.916060606852656
101,Glen Oaks,Queens,False,-73.7110254285456,40.74599312386359,3.2196531791907512,9.35,190.4039497307002
102,Glendale,Queens,False,-73.87573702732386,40.70354608695471,6.273480662983426,22.33887733887734,256.0842622929809
103,Governor's Island/Ellis Island/Liberty Island,Manhattan,False,-74.04528828347375,40.68986010346147,,,
104,Governor's Island/Ellis Island/Liberty Island,Manhattan,False,-74.04077078511479,40.69876867282886,,,
105,Governor's Island/Ellis Island/Liberty Island,Manhattan,False,-74.01907288309684,40.68878421555262,1.0,1.0,0.0
106,Gowanus,Brooklyn,False,-73.99064755008082,40.673512678313976,10.489189189189188,39.237006237006234,274.07091748756267
107,Gramercy,Manhattan,True,-73.98405214924436,40.73682398302768,2206.7432432432433,2451.960498960499,11.112178839476616
108,Gravesend,Brooklyn,False,-73.9814314279712,40.58840360836442,6.818681318681318,15.814968814968815,131.93588431299955
109,Great Kills,Staten Island,False,-74.15089028926955,40.55186202510041,1.1142857142857143,1.2727272727272727,14.219114219114214
110,Great Kills Park,Staten Island,False,-74.12834311100727,40.54577972821088,1.0,,
111,Green-Wood Cemetery,Brooklyn,False,-73.9902343725197,40.65213720698318,1.121212121212121,1.314102564102564,17.203742203742213
112,Greenpoint,Brooklyn,False,-73.94954001249944,40.72950616875672,50.167567567567566,192.53014553014552,283.7741291140709
113,Greenwich Village North,Manhattan,True,-73.9943047162786,40.732579026253674,1564.6081081081081,1811.5031185031185,15.779990472729356
114,Greenwich Village South,Manhattan,True,-73.9973801630823,40.728340368316424,1602.1486486486488,1879.997920997921,17.342290466220312
115,Grymes Hill/Clifton,Staten Island,False,-74.0878388464394,40.61797101224406,1.2560975609756098,1.6943521594684385,34.890171918846555
116,Hamilton Heights,Manhattan,False,-73.94852183123933,40.82701260635661,116.90810810810811,267.2889812889813,128.63168826734577
117,Hammels/Arverne,Queens,False,-73.78962334973271,40.59405915427385,10.575675675675676,27.781704781704782,162.69437181780654
118,Heartland Village/Todt Hill,Staten Island,False,-74.13298451453818,40.58655482658562,1.2345679012345678,1.48046875,19.917968750000004
119,Highbridge,Bronx,False,-73.92615757846964,40.837826783716714,11.675675675675675,31.933471933471935,173.5042735042735
120,Highbridge Park,Manhattan,False,-73.9301832301702,40.8466669452917,1.608910891089109,3.2552693208430914,102.32750855701673
121,Hillcrest/Pomonok,Queens,False,-73.80244388409426,40.72833291964906,8.875675675675677,24.08939708939709,171.40916330928508
122,Hollis,Queens,False,-73.76113689765596,40.71063914369108,4.2727272727272725,15.442827442827443,261.4278763214934
123,Homecrest,Brooklyn,False,-73.96433354731992,40.59995386265359,9.18457300275482,24.596673596673597,167.8042146248505
124,Howard Beach,Queens,False,-73.8449181204672,40.6582475138648,8.040760869565217,19.066528066528065,137.1234311754758
125,Hudson Sq,Manhattan,True,-74.0074858070925,40.72629040399525,560.0432432432433,643.5384615384615,14.90870915818796
126,Hunts Point,Bronx,False,-73.8855370337455,40.81207420841891,7.2349726775956285,24.203742203742205,234.53812864689
127,Inwood,Manhattan,False,-73.9193084235328,40.86607489313885,13.835135135135134,56.66320166320166,309.56016048807606
128,Inwood Hill Park,Manhattan,False,-73.92436989163414,40.872378832666904,1.8333333333333333,5.103896103896104,178.3943329397875
129,Jackson Heights,Queens,False,-73.88531729044865,40.75731177578825,76.8,169.53222453222452,120.74508402633404
130,Jamaica,Queens,False,-73.79398113023713,40.70436904839545,75.56756756756756,186.01663201663203,146.15934851986356
131,Jamaica Estates,Queens,False,-73.77610108565929,40.72065547306544,7.983651226158038,23.426195426195427,193.42708946804512
132,JFK Airport,Queens,False,-73.78652986349012,40.64698510024821,4984.951351351351,4898.4345114345115,-1.735560365967992
133,Kensington,Brooklyn,False,-73.97619875860275,40.64058994104449,8.97289972899729,32.686070686070686,264.27544799637826
134,Kew Gardens,Queens,False,-73.82871239790782,40.70805097274517,35.02972972972973,50.42827442827443,43.958502727116255
135,Kew Gardens Hills,Queens,False,-73.82119497835454,40.72837725250497,6.794594594594595,19.26819126819127,183.58117618260817
136,Kingsbridge Heights,Bronx,False,-73.90591127838628,40.86526406538748,6.443243243243243,20.40956340956341,216.75916365513683
137,Kips Bay,Manhattan,True,-73.97649469938301,40.74043892115907,1173.6324324324323,1463.7505197505197,24.719671960393775
138,LaGuardia Airport,Queens,False,-73.873628438902,40.77437581673264,3409.6648648648647,3257.4116424116423,-4.465342738581923
139,Laurelton,Queens,False,-73.7442347963469,40.67709753140416,6.426630434782608,17.058212058212057,165.43010729057238
140,Lenox Hill East,Manhattan,False,-73.9547390603464,40.76548395144242,2159.6513513513514,2493.798336798337,15.472265244938765
141,Lenox Hill West,Manhattan,False,-73.95963501136171,40.76694805479654,2493.691891891892,2778.1164241164242,11.405760797848519
142,Lincoln Square East,Manhattan,False,-73.98153235360773,40.773633196128905,3532.42972972973,3691.844074844075,4.512880858539869
143,Lincoln Square West,Manhattan,False,-73.9876456908124,40.77596514731965,1235.8243243243244,1464.3991683991685,18.495739206283645
144,Little Italy/NoLiTa,Manhattan,True,-73.99691858884708,40.72088884086806,1140.9378378378378,1433.5945945945946,25.650543531044878
145,Long Island City/Hunters Point,Queens,False,-73.94889156149159,40.74537934472369,127.55135135135136,282.2182952182952,121.25856937485536
146,Long Island City/Queens Plaza,Queens,False,-73.93482891700025,40.75424253686729,59.43783783783784,129.56548856548858,117.9848616280046
147,Longwood,Bronx,False,-73.89895654395085,40.81967568059164,6.037837837837838,18.914760914760915,213.27043592039115
148,Lower East Side,Manhattan,True,-73.99089636602756,40.718938301131104,1205.5216216216215,1608.8440748440748,33.45626042608174
149,Madison,Brooklyn,False,-73.94813561950728,40.60491346580259,7.295580110497237,18.33125,151.26514577811437
150,Manhattan Beach,Brooklyn,False,-73.94362868028261,40.58047335130059,4.39612188365651,10.993762993762994,150.0786667138274
151,Manhattan Valley,Manhattan,False,-73.96816820440951,40.79796198028393,876.1783783783784,1018.4324324324324,16.235741210292854
152,Manhattanville,Manhattan,False,-73.95378220824486,40.81797510016547,92.40810810810811,174.002079002079,88.29741519923147
153,Marble Hill,Manhattan,False,-73.91037864632285,40.875967791801536,2.4842767295597485,6.776371308016878,172.7703893606794
154,Marine Park/Floyd Bennett Field,Brooklyn,False,-73.90259516689072,40.59357106687244,2.1688741721854305,2.4160583941605838,11.396890845266604
155,Marine Park/Mill Basin,Brooklyn,False,-73.91527729481503,40.61459130879868,12.635135135135135,34.2952182952183,171.42739613327853
156,Mariners Harbor,Staten Island,False,-74.16723425044069,40.63130767438205,1.2391304347826086,1.3445945945945945,8.51114272166904
157,Maspeth,Queens,False,-73.90233075376986,40.72399485039648,25.318918918918918,64.0,152.77540563620838
158,Meatpacking/West Village West,Manhattan,True,-74.00898419902498,40.7350351831651,1117.3486486486486,1293.7941787941788,15.79144793873677
159,Melrose South,Bronx,False,-73.91284931725946,40.81825981956973,17.875675675675677,49.45114345114345,176.63929659696214
160,Middle Village,Queens,False,-73.88005123769709,40.71833678461975,7.551630434782608,25.758835758835758,241.10297082589275
161,Midtown Center,Manhattan,True,-73.97769803041939,40.758027981780664,5120.435135135135,5475.671517671518,6.9376209865220195
162,Midtown East,Manhattan,True,-73.97235615813489,40.75668753761735,3794.935135135135,3973.4885654885657,4.705045646243233
163,Midtown North,Manhattan,True,-73.97756856896713,40.7644214387746,3128.083783783784,3235.677754677755,3.4396128214898125
164,Midtown South,Manhattan,True,-73.98515644835915,40.74857453693654,2507.7216216216216,2682.168399168399,6.956385271901566
165,Midwood,Brooklyn,False,-73.95682439069601,40.62092382865375,13.550135501355014,33.8004158004158,149.4470686070686
166,Morningside Heights,Manhattan,False,-73.96176369363279,40.80945681703888,626.7054054054054,843.6029106029106,34.60916458143484
167,Morrisania/Melrose,Bronx,False,-73.90235207986518,40.827512596178515,12.013513513513514,36.88565488565489,207.0346975858787
168,Mott Haven/Port Morris,Bronx,False,-73.91682152685682,40.80734711638028,36.26756756756757,94.74636174636174,161.2426696933739
169,Mount Hope,Bronx,False,-73.90512246226346,40.849058285066626,10.62972972972973,34.72141372141372,226.64437012263096
170,Murray Hill,Manhattan,True,-73.97849158432054,40.74774573203895,3147.1675675675674,3401.099792099792,8.068595620680208
171,Murray Hill-Queens,Queens,False,-73.80954532050765,40.76835161995764,4.186813186813187,11.513513513513514,174.99467971908916
172,New Dorp/Midland Beach,Staten Island,False,-74.10501884907058,40.57176876885639,1.25,1.4796380090497738,18.371040723981903
173,North Corona,Queens,False,-73.86303757637424,40.75257918636062,6.972602739726027,23.037422037422036,230.3991765681353
174,Norwood,Bronx,False,-73.87902219325525,40.87713740796544,6.640326975476839,24.41995841995842,267.7523487946139
175,Oakland Gardens,Queens,False,-73.75462177515529,40.7426711354586,3.0327380952380953,7.035490605427975,131.9847736431599
176,Oakwood,Staten Island,False,-74.12258304710812,40.56199406259296,1.1176470588235294,1.2,7.36842105263158
177,Ocean Hill,Brooklyn,False,-73.91363232497895,40.676643979648,24.13783783783784,86.4054054054054,257.9666330758033
178,Ocean Parkway South,Brooklyn,False,-73.97032564615044,40.617314684335554,3.6951219512195124,8.852083333333333,139.5613311331133
179,Old Astoria,Queens,False,-73.92833298669993,40.77157021384615,31.86216216216216,103.3970893970894,224.51372531107882
180,Ozone Park,Queens,False,-73.84704288454616,40.675595010201214,5.769230769230769,18.509355509355508,220.8288288288288
181,Park Slope,Brooklyn,False,-73.98141430754676,40.67037398076801,64.79729729729729,161.68607068607068,149.52594850405072
182,Parkchester,Bronx,False,-73.85798693850145,40.837748625040106,11.71081081081081,37.46985446985447,219.95952351364303
183,Pelham Bay,Bronx,False,-73.83158183808297,40.849172484756885,2.8265895953757227,8.710416666666667,208.15993524199047
184,Pelham Bay Park,Bronx,False,-73.80785826289252,40.86827511264962,1.4453781512605042,2.2981927710843375,59.00287195292802
185,Pelham Parkway,Bronx,False,-73.85439389980314,40.8544049401438,5.1726027397260275,17.3991683991684,236.37163483561787
186,Penn Station/Madison Sq West,Manhattan,True,-73.99243754419264,40.74849716576957,3638.3945945945948,4011.162162162162,10.245385921619722
187,Port Richmond,Staten Island,False,-74.14078866147455,40.62816593004213,1.0,1.240506329113924,24.0506329113924
188,Prospect-Lefferts Gardens,Brooklyn,False,-73.94744186388097,40.65874469984108,46.097297297297295,142.76715176715177,209.70829123971714
189,Prospect Heights,Brooklyn,False,-73.96758665136912,40.67763534192634,22.154054054054054,62.906444906444904,183.9500380064001
190,Prospect Park,Brooklyn,False,-73.9689138001589,40.661621710598034,4.547337278106509,12.150313152400836,167.19621636379193
191,Queens Village,Queens,False,-73.74153154913715,40.71545380257635,12.886178861788618,33.95010395010395,163.461374502384
192,Queensboro Hill,Queens,False,-73.81522924223742,40.74375187633024,3.518624641833811,9.7375,176.74165309446255
193,Queensbridge/Ravenswood,Queens,False,-73.941997345654,40.76031345682181,58.15675675675676,95.76923076923077,64.67429772569658
194,Randalls Island,Manhattan,False,-73.92459671825748,40.79100048638123,5.228650137741047,6.45929018789144,23.53647724997854
195,Red Hook,Brooklyn,False,-74.00917842826674,40.675548647019355,28.772972972972973,58.09147609147609,101.89598115579703
196,Rego Park,Queens,False,-73.86333836633429,40.72615524559957,19.562162162162164,42.28274428274428,116.14555657108845
197,Richmond Hill,Queens,False,-73.83092432071815,40.6945423878432,29.813513513513513,90.72557172557173,204.31023060884363
198,Ridgewood,Queens,False,-73.9017091770337,40.70652682085338,13.591891891891892,67.27442827442827,394.96000122367195
199,Rikers Island,Bronx,False,-73.88265799878711,40.791132912174135,1.0,1.0909090909090908,9.090909090909083
200,Riverdale/North Riverdale/Fieldston,Bronx,False,-73.90698753009411,40.899528380462264,5.096685082872928,15.135135135135135,196.96037500915548
201,Rockaway Park,Queens,False,-73.84345437593673,40.57798298905336,3.881844380403458,8.732776617954071,124.96462408537958
202,Roosevelt Island,Manhattan,False,-73.94995272044949,40.761899335777855,7.2682926829268295,18.199584199584198,150.39696381978257
203,Rosedale,Queens,False,-73.73947394708196,40.657852400261305,6.592391304347826,15.11018711018711,129.2064656450477
204,Rossville/Woodrow,Staten Island,False,-74.20782577848769,40.540333107919224,1.125,1.0571428571428572,-6.0317460317460325
205,Saint Albans,Queens,False,-73.76314608999355,40.69120081596648,15.184281842818429,44.937629937629936,195.94833922872473
206,Saint George/New Brighton,Staten Island,False,-74.10231443709439,40.6389731051429,1.1166666666666667,1.521978021978022,36.296539281613896
207,Saint Michaels Cemetery/Woodside,Queens,False,-73.89935257380462,40.76398556081556,8.232758620689655,9.392781316348195,14.090328031035671
208,Schuylerville/Edgewater Park,Bronx,False,-73.82353890836147,40.82331779920538,6.335135135135135,20.777546777546778,227.9732213179312
209,Seaport,Manhattan,True,-74.00366448904686,40.70907271927832,233.58648648648648,287.024948024948,22.877377172909807
210,Sheepshead Bay,Brooklyn,False,-73.94050725344536,40.59202360691843,17.478378378378377,35.12474012474012,100.9610924099868
211,SoHo,Manhattan,True,-74.00153759512791,40.7238880720604,916.145945945946,1084.9272349272348,18.422969585595617
212,Soundview/Bruckner,Bronx,False,-73.86967998064887,40.82790234607947,8.05163043478261,27.02079002079002,235.59401713299786
213,Soundview/Castle Hill,Bronx,False,-73.8581349352209,40.81785873289069,15.716216216216216,46.28898128898129,194.53006151200478
214,South Beach/Dongan Hills,Staten Island,False,-74.08551242969601,40.586786351126605,1.3303571428571428,2.0813253012048194,56.44861324492603
215,South Jamaica,Queens,False,-73.79096478957263,40.69442751519797,23.575675675675676,50.8004158004158,115.47809063571988
216,South Ozone Park,Queens,False,-73.8194594633455,40.67615367273835,43.99189189189189,109.72972972972973,149.43171346071145
217,South Williamsburg,Brooklyn,False,-73.95859683039497,40.70391646835313,8.331521739130435,24.53014553014553,194.42575195999848
218,Springfield Gardens North,Queens,False,-73.77303557005415,40.67208987326582,13.267567567567568,32.03326403326403,141.4403685538336
219,Springfield Gardens South,Queens,False,-73.7645050464996,40.6621855181538,16.854054054054053,31.401247401247403,86.31272511965264
220,Spuyten Duyvil/Kingsbridge,Bronx,False,-73.91066491034807,40.882403144304526,7.904109589041096,25.584199584199585,223.6822477723691
221,Stapleton,Staten Island,False,-74.07370335971028,40.61876814401099,1.2313432835820894,2.3226600985221677,88.62815345573969
222,Starrett City,Brooklyn,False,-73.88241274352464,40.64752693460752,14.875675675675677,32.29313929313929,117.086873881932
223,Steinway,Queens,False,-73.9054073938334,40.77742668296697,41.435135135135134,97.46985446985447,135.2347932544919
224,Stuy Town/Peter Cooper Village,Manhattan,True,-73.97659759721292,40.73182059189006,169.32972972972973,293.7900207900208,73.50173608553227
225,Stuyvesant Heights,Brooklyn,False,-73.93188776883784,40.68816808255134,38.79459459459459,146.47817047817048,277.5736594463082
226,Sunnyside,Queens,False,-73.92467277449282,40.73769793411764,102.5972972972973,240.44074844074845,134.35388141270494
227,Sunset Park East,Brooklyn,False,-74.00465260064145,40.64188612045834,6.2908587257617725,24.453222453222452,288.7104053550553
228,Sunset Park West,Brooklyn,False,-74.0112729089247,40.65235415076564,16.394594594594594,67.75883575883576,313.299855436354
229,Sutton Place/Turtle Bay North,Manhattan,True,-73.96514581878095,40.75672890813223,1914.2648648648649,2019.033264033264,5.473035685466399
230,Times Sq/Theatre District,Manhattan,True,-73.98419655675737,40.759817566309465,3697.135135135135,3893.4760914760914,5.310624285140708
231,TriBeCa/Civic Center,Manhattan,True,-74.0078796687525,40.71777262479923,1502.2594594594595,1787.6361746361747,18.996499797671373
232,Two Bridges/Seward Park,Manhattan,True,-73.98302469110321,40.71473247007343,171.9,362.63617463617464,110.95763504140467
233,UN/Turtle Bay South,Manhattan,True,-73.97044261148469,40.74991400028384,1275.8837837837839,1377.5363825363825,7.967230248129331
234,Union Sq,Manhattan,True,-73.9904579133977,40.74033737258096,2967.1567567567567,3420.259875259875,15.270616136856274
235,University Heights/Morris Heights,Bronx,False,-73.91597580806709,40.85252096967172,12.194594594594594,37.975051975051976,211.40889252591379
236,Upper East Side North,Manhattan,False,-73.95701192571859,40.78043629001211,4663.7972972972975,5089.783783783784,9.13389796622055
237,Upper East Side South,Manhattan,False,-73.96563472764679,40.76861505664575,5135.327027027027,5682.93762993763,10.663597469616825
238,Upper West Side North,Manhattan,False,-73.9730488247599,40.79170489453925,2130.9054054054054,2359.043659043659,10.706165231902908
239,Upper West Side South,Manhattan,False,-73.97863191501314,40.78396140232239,3075.2135135135136,3272.4116424116423,6.4125020273088085
240,Van Cortlandt Park,Bronx,False,-73.88197740171728,40.89459870941774,1.6220095693779903,4.32244008714597,166.48671923702292
241,Van Cortlandt Village,Bronx,False,-73.89562019423215,40.87651214983352,8.232432432432432,26.174636174636174,217.94535077529167
242,Van Nest/Morris Park,Bronx,False,-73.85067120117776,40.846783165013896,8.506775067750677,25.507276507276508,199.8466081932154
243,Washington Heights North,Manhattan,False,-73.93283170504228,40.85710800278272,32.85945945945946,129.68607068607068,294.6689106254824
244,Washington Heights South,Manhattan,False,-73.94139929841424,40.84170843286746,131.14054054054054,319.1268191268191,143.34718906253468
245,West Brighton,Staten Island,False,-74.10286021352394,40.630049214870475,1.0930232558139534,1.2279411764705883,12.34355444305384
246,West Chelsea/Hudson Yards,Manhattan,True,-74.00401551098165,40.75330875946255,1936.0864864864866,2333.1122661122663,20.506613852064138
247,West Concourse,Bronx,False,-73.9244099256833,40.82898744957318,26.5972972972973,61.565488565488565,131.4727240039708
248,West Farms/Bronx River,Bronx,False,-73.87228957125745,40.834165310932306,7.62125340599455,24.67983367983368,223.82906544508265
249,West Village,Manhattan,True,-74.00287502314927,40.73457589628757,2541.92972972973,2826.6507276507277,11.20097831938378
250,Westchester Village/Unionport,Bronx,False,-73.84864087551631,40.83210137235689,6.724043715846994,24.97089397089397,271.3672163082972
251,Westerleigh,Staten Island,False,-74.12534780784381,40.61688017760985,1.2131147540983607,1.3333333333333333,9.909909909909898
252,Whitestone,Queens,False,-73.81565687221273,40.78819313151885,3.952247191011236,10.0,153.02061122956644
253,Willets Point,Queens,False,-73.84124397042739,40.76063069299949,3.295698924731183,2.3368055555555554,-29.095296356715615
254,Williamsbridge/Olinville,Bronx,False,-73.85894862514452,40.8821566523476,11.518918918918919,40.729729729729726,253.58986391365553
255,Williamsburg (North Side),Brooklyn,False,-73.95741813772918,40.718803891962125,96.5972972972973,285.44906444906445,195.5041936323937
256,Williamsburg (South Side),Brooklyn,False,-73.95990457422253,40.7108800175636,66.7054054054054,210.4012474012474,215.41858732815336
257,Windsor Terrace,Brooklyn,False,-73.97798212852373,40.65361164157177,5.730769230769231,20.654885654885653,260.4208235080718
258,Woodhaven,Queens,False,-73.85576671853391,40.68872119747495,9.989189189189188,40.016632016632016,300.59940059940067
259,Woodlawn/Wakefield,Bronx,False,-73.85221512421664,40.89793210648795,6.157608695652174,22.933471933471935,272.4412035091647
260,Woodside,Queens,False,-73.90630719190789,40.74423361478699,61.2,107.57796257796258,75.78098460451402
261,World Trade Center,Manhattan,True,-74.01302283778836,40.709138876288186,582.3918918918919,633.010395010395,8.691484861519893
262,Yorkville East,Manhattan,False,-73.94651047848446,40.77593230221761,1514.1405405405405,1753.6860706860707,15.82056115213808
263,Yorkville West,Manhattan,False,-73.9510100659439,40.77876573980772,2062.0216216216218,2329.6049896049894,12.976748894268809
264,,Unknown,False,,,,,
265,Outside of NYC,,False,,,,,
